,amino_acids,count
0,HRPFVTHIWLRINLFKYFTEFDSFH,25
1,QKIQGCLRNGM,11
2,TKKK,4
3,,0
4,,0
5,,0
6,CGRSIKSPTPFSSNSVAGHIKAYLVKS,27
7,CSVNE,5
8,DFHTEY,6
9,ICNINRYSSENHILSCTP,18
10,IYTHTMYS,8
11,KFFKNQPNMARHGGSCL,17
12,SQHFGRLRWADHPRLGVQDQPDQHGETPSLLKIQKLARCGGTCL,44
13,SPLLRRLRQKNYLNPGGGGCGEPRSRHCTPAWATRAKLHLKKNKNKKNQPNKNYLSLY,58
14,SVFMLLIKTYLRLVRKRGLIGLTVPHGWGGLRIMAGGKRHFLHGGGKRK,49
15,GRYKSGNP,8
16,,0
17,NYQIS,5
18,DLFTTTRILWGKPPP,15
19,LKLSPTGSLPQHVGIMGVQFKMRFGWGHRAKTYQSYIQFHLFGIPLKR,48
20,EARGSGSFL,9
21,PQRCGGSIT,9
22,CQEFETSLGK,10
23,QDPISTKYFLN,11
24,LDIVV,5
25,AVVPTIWEAEGGRLLEPRNSRLQ,23
26,PMIIPLHSSLGDRTRPCLINK,21
27,INK,3
28,IKRWEMLWENLKMIP,15
29,DLRPMAPP,8
30,KEFFLLRRIDRDEWSQDHCPWEMHACAPGTVRLYL,35
31,PER,3
32,ECRTPEILAGNLSLPKSTYLSIPYRCLPKNQASCCA,36
33,FRPVRLQIFLQMEK,14
34,VSPAYNGRLINISLEISFPADGLRIAGPVSSFAAQGNKCKGLRQTYSLTQDNQYNVL,57
35,AVWSS,5
36,ASY,3
37,KVMFLGD,7
38,RKSL,4
39,LKH,3
40,ISQRTSFSFSINIKERSYNGNVDQKKKKPNSVNYLKRFILSQYE,44
41,SWLRVQSQEVLRKDAQGGWVTAWFYTF,27
42,GDRSDRQKYKSIHGRHIHWFSLERWNILKQWMLIGSTWSQRFSDWQLVERVKLCLKN,57
43,TQ,2
44,KETLELR,7
45,GGLQKPRFCADSAHEDGVNSL,21
46,LHL,3
47,PNQSALPTF,9
48,PPTHQIIHKNHHP,13
49,VFREIDLSNNKTLVSHTGGSV,21
50,IKPILYCNSPVLINQLCLGNEQGEPNGQL,29
51,YQRQAGIWYLIVSLMCTIEY,20
52,CWSVVAKLQKGGGIRRRVQPPFLSWPEI,28
53,FFRFSLAQRGSI,12
54,SVGELRTSFLVYSNETQQMSRLILF,25
55,DRVSLCHPGWSGEWSGTITAHCSPNPLDSSNPPASDSQVAGTSGTCHHASLGSFKLLLSVVTGSPYVAQAGLELLASSDPPTSASPRAGVNHCKPGFRRVDLNFKSTHLCPN,112
56,VSMSEPVVTGM,11
57,DFSNFLSLIILQITTSVEHLKL,22
58,LKIP,4
59,G,1
60,SKKLNI,6
61,YSCASIQMGNSSMPLPNKYDWISQEP,26
62,NSSLKEDYERDQHTHTQCKLKQPRLGC,27
63,STKLMCFVGFLVLF,14
64,DRVSLCRPG,9
65,SAVV,4
66,SLLTTTSTSWVQAILLP,17
67,PPE,3
68,LGLQACATTPS,11
69,FLYF,4
70,,0
71,RWCFVGQAGHELPDSSDPPASVSQNAGITGCELPHPANQVDF,42
72,LTSF,4
73,GRPLRFPVYLLFLV,14
74,KYVLTINPALRQIHTAFLPFPGGLTSNVRHIPFL,34
75,HIGPGSWG,8
76,WHGDPPSCLPAAEARDYGFCS,21
77,IPFSLNMKSKVM,12
78,IGAAAEEGIFCLKSSVPWAYLAMGWTPGQETANCFSNVRVVRVCVLW,47
79,AGLCH,5
80,TNGVALGKLLSWDLSTLIHKLCLLGEICLGVFKTPETVDTYSSLTALRRASIQQLGQCEL,60
81,LSSARYLHKTSNAAPYYASVFLSIKTAFLSCWWSC,35
82,IN,2
83,KT,2
84,RVWHHGWQKISVSLLDFSILPRTSDVHIQDLPEPASPPRGSKVQRESHC,49
85,RRQYQHSAPTRRVGELPRGPAPPTSACACAEAPPQVCCDRRGTPVVAAAAAAGAPGRGATMAVRQALGRGLQLGRALLLRFTGKPGRAYGLGRPGPAAGCVRGERPGWAAGPGAEPRRVGLGLPNRLRFFRQSVAGLAARLQRQFVVRAWGCAGPCGRAVFLAFGLGLGLIEEKQAESRRAVSACQEIQVSGAGS,195
86,AERRTELSAGAGPQLGGGGARCGGGALSRSRAEARVLKAHLFHHY,45
87,SAAINKASTSHLF,13
88,CFPSSNEDMLPITAPVAAQQKALCKFSKMYGQLNHNIPIPLR,42
89,LPSLIYGEGKSSGEGTCSKSHS,22
90,,0
91,NAVPLTTEPGCLRRLTKGLVVTELKPQ,27
92,KL,2
93,TARKTVLTF,9
94,LPV,3
95,SYPC,4
96,LDTQGFLGFFNA,12
97,NSTRLLFLPNQSLY,14
98,GSPNGINRMCLYRGRFILRTWLPMGIGKVLKAAE,34
99,AGRLESQGGASGAVQV,16
100,SLAAGRIPSSSREVTLLPGGVEPLTKLA,28
101,PLHFTG,6
102,G,1
103,GGGRGSDLPKDTAVRAKQWLLGFLVSIPVLIAHHHCLMFELWPVWGDR,48
104,HLA,3
105,SPAPDLVFCHSLTGRS,16
106,GWEI,4
107,LILLKTKEAFLTEEIDPPKLTIHTHLLRTLHPPMPENVISYQLISH,46
108,KNFFWSGTVAHACNPSTLGG,20
109,GGRITRSGV,9
110,DQPGQHGGTLSLLKIQKLPGRSGGRL,26
111,SQLLGRLRQENSLNPGGGGCSELRSRHCTPAWVTEQDSDWGEKKLFSLATFAGINFTFKKFWAGRGGSCL,70
112,SQHFGRPRRADHEVRRSRPSWLTW,24
113,NPASTKNTKKLARHGGRRL,19
114,SQLLGRLRQENGVNPGGRACSEPRSRHCTPA,31
115,RTE,3
116,DSVSKKIKNKKIKNSEARHGDSCL,24
117,SWCFGRPR,8
118,ENLLSPGVEDQLGQHSETLFPQNIKKLARHGGTCR,35
119,SQLLRRLRWVDCLSPGV,17
120,GCSEL,5
121,LQHCTPSWATSRSVLVASSKNLYYKNIYIMCIYMYMCIYVVYTIICMFHIIVYSIFYIYTHTRCFCSMKFIREVGFSFFFFDTESHTVAQAVQWHDLSSLQPPPPRFTQFFCLSLLSSWDYMCTPPHPANFLYFLVETGFHYVGQAGLELLTS,153
122,SASLGLPKCWDYRHEPPRPAWTFIFLKGSKL,31
123,CKVKLLTDSRCFRNPLEGKLPWAGSSGLVTEEGGA,35
124,VGLDG,5
125,AGMSQTEQYYRNRGWKDAVSSFQREASKG,29
126,VQAACRPAWQQPEHR,15
127,PPGQSDGQPSDT,12
128,KQHILMWLRAGKARH,15
129,EWGSLEMVPGRLWPRGICRAVPGTQG,26
130,LTLERKSSADQTI,13
131,EGKRSLGDWKSDVTAA,16
132,SRGRPTRFLSHGLFPSAALPPAPAPPSISV,30
133,TLVLLLPFWTE,11
134,PHRGPKRQREKDSTESLCSGDAPDVTHLPERPSEITVDHTLLLVAQEPSAKVFAERAVSIIRHLQNSAGE,70
135,RQQGEVHWLRDVGFLTSQIIEYCDPSEATEFEKNHSE,37
136,,0
137,ERRWPGPRLSSRTWLGCVFLVY,22
138,SGRRGPRLAAPLSASPVSLFLGLPRLPGSRCILFSSQAIFTQKSKPGPDPLDTRRLQGFRLEEYLIGQSIGKGCSAAVYEATMPTLPQNLEVTKSTGLLPGRGPGTSAPGEGQERAPGAPAFPLAIKMMWNISVSTRPFIFKGDVLKMPILVGLVRIFSRK,161
139,VGKDRLSTGKVPV,13
140,SGYLPLLHRSLNQNV,15
141,NCILPTDHPEIRFKGRFWPGLVDHACNPSTLGGQSLELRSLRPAWAT,47
142,,0
143,NPISMKNTKISRV,13
144,QLAPVCSLSYLGGWWLKWEDHLSARGRGCSDPRLWHCTPAWVTE,44
145,DPVSKQNKQTKKTQR,15
146,ILIQQVRDGA,10
147,DCAFPISSHVIPMPLLCQPHFE,22
148,QVPKPLISTLIG,12
149,FTIPSFLQPASLERGNWISFL,21
150,AHSASPPPAQRLACQLPTLNSWKDSRLWEIEEYFSPTKTISVHLIYLPCHC,51
151,VGFKNVLRPDALSPAHPWAHPFKAAVGSGHSRSWWALEDAVSCSDLGNEGY,51
152,TVALQAGLIANK,12
153,PNPLPVKHPVLASKHALVGA,20
154,QLLHSQQLQDC,11
155,FLPDLLDTGFICPESPSQYNEDNKVLSPLFGFCLFVVGDGGRLFCDSVQLHPGWSMSGSGLAAEGSLQNELVIQWSILNWWGPEAPMAGSSTPYPDHLGISSSPGI,106
156,AARV,4
157,GV,2
158,RIL,3
159,VGMDGTSVCLPGVTSLSLPVKTGHLISKVRANSRQ,35
160,LPCSRLQAGLTRNLPFCSGLCNPGFLVGVPGRFLQRSHLEHNEPGAGPSEPSGLGWGVWSSHLQVSALCLPD,72
161,LGLL,4
162,EQLHPSLMSSAPGTVSDMTVDNKGLMLVMDFQLVDNFTWERLQVI,45
163,PQMMMHLRNSHWSRGEEAPQKCPVHSVA,28
164,LTGVLRFLLRNARVERHLSE,20
165,TELCPHQREHSFH,13
166,,0
167,LCALMVPRDFKKNKKWSVGPEVSVWQQRAQGVSARIEYAWAEGAQGRRVLQRRGCSESLLKGTVCATL,68
168,RMNWHYLGRGVGKWHSQQREEQVNSSYAFSSEKPMSTTSLTTGGED,46
169,RAGYDRGDTCAHLNIYSLAHACNPSTLGG,29
170,GRQIT,5
171,AQEFKSSLGNMVKPRLYKK,19
172,ILAGHGGKCL,10
173,SQLLRRLRREDHLSPGRLRLQ,21
174,AKIMPLHSSLGDPGVRPCLSFVDPPRRGGSAAFLVIYWRAGL,42
175,IFILSEAGRQKYEIKGVVVENPFHGLEVSNVTGSPCRPVEVAAQVAAASPEAFLEKVDT,59
176,MSAALGLT,8
177,SLMPPFVA,8
178,VAAGRRGAVLLPEHHDVCC,19
179,DLPSDIVPVPLQGLCSFSSSHCLASNNTSFSVGSFLLQLYCKHSLFTAYPQ,51
180,IPVE,4
181,PDRCGSRYITSTSGTPWEKLSQEHPGFISS,30
182,PLLSWGPEIEGA,12
183,PAHLTTSPALSLTLLISTLHSTTLAS,26
184,LLPRMCQASL,10
185,PSLERTAGYTWAALLPHFRSQFRHPQPHHVSPQYSHTPLPLSSHDTCWGPDSLGL,55
186,S,1
187,LAQGPEGGNDALAPLIA,17
188,NRGHSG,6
189,LKSRSSAWAHVDCSHTAWGPCSAGRGRCPALSPAPSRLCPIRFPPPLLCSKGGSSLMC,58
190,KQSHWIFEKSQAFYCESTHMETGVEFNPVSLC,32
191,L,1
192,GGNFIRGGLRGGF,13
193,D,1
194,QVIDGRKGEVWTVLGHAQLSVHANSWVPCADLGGVSMKRAVAIQALTSANLFCASCNWPYWFQPISASSFIS,72
195,AEGVSAFQKVVSANSNFLLFF,21
196,DRVLLCCPGWRAVA,14
197,SWLTAASTSLGSSDPPTSASQVAGSAGTCHHAQLIFVVFVETEFLHVARAGLELLGSSNCLPQPPKLLGLQE,72
198,ATGISISY,8
199,FLNL,4
200,ERGSTVHMLFFPRISCSCFPLACSPLAPHGPSEVSWLPLHCRLADFFTHTPKKRIYFPPFPSSNHLGLECHCRFTAVGAGDSLGQSALAEGQGWHTAGRATPSKIQPLCLSRAVVWGSGGAPHRIRSSQGRQMTLPLLAASGSIHLFNKGLLHPYSMPTTVLDLE,165
201,WRKFRHSPCS,10
202,GAHMITH,7
203,,0
204,ISLSPDRLQIHEDRDSVLFCAIVPQHSSMMSGTQHANSAYWLNE,44
205,,0
206,YS,2
207,,0
208,QLRASSVLDTILGAFHTLTTLCSVLTLHSPCTLEIEPREDKDRGDTFQDRSPSGCLKPQIVTNPIYTVFFPIHTYLW,77
209,SLIYKLGTVKN,11
210,R,1
211,LIK,3
212,NNYDNIL,7
213,,0
214,KLCECGLSLSPLSKYLLVLTYSQTVDN,27
215,NCRKQNCG,8
216,GWGYCNSAKDLQWQTWNANPGSLIPGFLHLCSATWDG,37
217,DGWVYGWTDGQTDGQMD,17
218,RMGRGVIRCVLQHHVQYLAHSKSMINI,27
219,,0
220,,0
221,VNNECQCQCWCGLRLFFPGVVSDAGLICLSHLAD,34
222,KIQERSQATSPSPQHHPGSPRLHLFRAAAARGPGRLP,37
223,CAALTPPP,8
224,RPGPWPDAVPRYEEVSDSSAAGPGADTSPKGSWFLPSMCTLIRGFWRTGSSPFRRRKPCKGNISALESIFPVGRFFMETNSHLHPEHTCHLVLLVHLTVNLFCGWTYLFLT,111
225,KPFSFLTLCIP,11
226,LCYSGYFILRK,11
227,LSAPLL,6
228,I,1
229,GAPTLTS,7
230,FEDGEWEGTERMLGKSGNQSAPGRGRGTA,29
231,P,1
232,Q,1
233,LRLLGGREWWLTPVIPALWKAEVGRSLEVRSLRPAWPT,38
234,,0
235,NPVSTKHTKISLVWWRAPIIPATREAEVGELLEPGRWRLQ,40
236,AKIVLLHSSLATE,13
237,DSISKKKKKTYWESSMCGSQRPSPLSASYPCTLRQYLCVNTPSPRLAAMMLLQLLEGVDHLVQQGIAHRDLKSDNILVELDPGRNLLHHQSSPGALEGGSGAFRTDSSGPLWFCVLSHVFI,121
238,LRTQEVSNLSLRTGFFFLSLQRDSTSQVPFSSPLKEQGPQCCKFS,45
239,VNKEARHSG,9
240,HL,2
241,SQHFGRLA,8
242,GLLEASSLRPAWETE,15
243,DPFSTKKKYVLN,12
244,PEKKLARHGGMHL,13
245,PQLLGRLRSEDHLSLGVKSLQ,21
246,AMNVPLYSSLGSRVRSYLKKIIKNNKVKEK,30
247,TLAHYKK,7
248,LSAGGSGSRL,10
249,SQHFERLRRADHEVKRSRPSWPTW,24
250,NPISTKNTKISWAWWRAPVISATWEAEAGELLEPGRRRL,39
251,,0
252,AEIVPLHSSLATE,13
253,ESISK,5
254,IN,2
255,LIKFFKQ,7
256,KLSKCKPSCLWK,12
257,VAYHWKHSSRS,11
258,MATCLGKL,8
259,GDSYI,5
260,,0
261,IFELEDLK,8
262,LTRGTGFYYFFIYLLIYLFIYLRQNLALLPRLECSGAISAHCNLCFPGSSNSRASAS,57
263,VARITGRCHHA,11
264,LIFDFFFFFFLRLSLALSPRLECNGMISAHCKLYLPGSHHSPASASRVAGTTGAHHHARLIFLYF,65
265,YRRGFTMLARMVSIS,15
266,LRDPPASASQSAGIIIFSGDGVSLLARLVSNSWPQVIHPPQPPKCWDYRYEPPRPAGSWLFFFFFFLRRSLTLSPRLECSGMILAHCNPCLSGSSNSPASAS,102
267,VAGITGTRHYTWLIFVFLVETGFHHVGQADLELLTS,36
268,SACLGLPKFWDYRREPLRPARNWLFKGILCGPFYK,35
269,PILFLFFLRQSLAVLLRLK,19
270,FSCLSLLHLPGSSNSPVSASRVAGIQAHTTMPG,33
271,FFCIFSRDRGFTMLARLVLNS,21
272,PQVIYPPRPPKMLALQATTPGNN,23
273,FLMHLVLRFGFGVSNSNQSLLGYKGPWRSFEPSSSSFGLGDSSNY,45
274,NMI,3
275,IEPHSPLPGDFAACTYWRHFRVRTAGPSDQLSGLADLLGQH,41
276,AISPCQLCLAGGFSRDIGGPLRGKEGRRNGHFACSFPDGCPWLVIADFGCCLADESIGLQLPFSSWYVDRGGNGCLMAPEVSPECVMRHRQPFPHMSTECRRLDAL,106
277,,0
278,PNTSIFSDP,9
279,FGTSSFPATLLSSGVPSCSRRMQVLSHKPGGLSRPLLGLSHSSLKLWVPWDRVQISPWIR,60
280,CAGHEKVRWAGSVMSHPLLLSRCPRPVLAPGQ,32
281,LTTARLMPGQWEPSPMKSSGLSIPSTARARPTLKAAATKRLSYLHCPSQCLQT,53
282,DSW,3
283,GHCSSERPAR,10
284,GCPRLRGDGVGRNLCSRSRVKVRFGPEPQ,29
285,QILCVRKVKASYKRTKNRF,19
286,CR,2
287,E,1
288,EH,2
289,PPQHSQNPSSSTPVAFLVAEKVVQRPDTVAYTYNHSTLGG,40
290,GGWITWDQEFQSSLANMVKPRLY,23
291,KYKN,4
292,LSVVAHACNSRYSGG,15
293,SRRIV,5
294,TLEAEVAVSQDRATALWPR,19
295,QCKSLSQKKKKKKKAIQREKRRHF,24
296,EMFNGDVAHGSS,12
297,ELIRERWKTSPESRSGHCEINIKECKGRPIRSHNWSGSWLRGRLSAKS,48
298,AIPAPQHCSATPLTALCTWPAILVRSEG,28
299,NNSCNQL,7
300,NDRGDYLPGSRDQIAVHKRH,20
301,AFHPGGKAISTMHAAPCRGVHMEKLGARAGDRQYLSPE,38
302,RASVGDRVEEELGWDQRREDPH,22
303,QSRLWVETVLTDVLATASLPVAETICPSSRKCASSKPLG,39
304,TYSSPEESEVRQDGWLAPPTIGRHFVGQQAHREVLCGNKNEDALSG,46
305,PGV,3
306,NALPGSPPPLLMEGSPVMSLHGAGELLKEHGILCVVMVCEW,41
307,GWESGDKTAQRGLVSRKRPRAWQMEELE,28
308,EFSLQSSAHRHLKSEWPSWSSR,22
309,GWTEEG,6
310,ACIHREDPGQGTGCQWQSLAVTFAPNTRNSFEGGSVACLICHLDEGRHQHGSARSVTGVGNYMRPGPLRSQAVRSGPATELLISLSESDG,90
311,AVSK,4
312,VWGFKLEGFPPD,12
313,PLLQEL,6
314,NIKCKFTTADDVCALN,16
315,IFGFKNDSYTLKVRIFCGQVSTLGKRFHV,29
316,LTNFIHDF,8
317,EAIA,4
318,ISVNMQ,6
319,RLSSTELF,8
320,FSLPQHCHLDFPFQ,14
321,FPPLGLLATTTFLYPLRRR,19
322,GEPSFHS,7
323,KKDSPVLGKIS,11
324,SHLGFCIQSVITHSNPHPQPLANQDRGQVKFEGNISLYFYLFIYLFIYLFIFETES,56
325,HCCPGWSAMA,10
326,SQLTASSASWIHAFLLPQPPE,21
327,LGLQVPTTTPS,11
328,FFVLLVETGFYRVSQDSLDLLTS,23
329,AACLGLPKCWDYRHEPPCLATSLF,24
330,K,1
331,EE,2
332,LHIGKMPLLAIQSGKTSFI,19
333,KLSQLPPLGSQCCISHRGKVVPFSHGFKQSKTKPPILITPLLAPSPRCAERALAPQSDFSFSFMCKKTMLKMKSPSIMEKALA,83
334,,0
335,G,1
336,AEGMKRSYCVCWSGRTDTCRRTEVAGPGHCRAQAGHMLAENRSCHLCLPEWKSTGVCSLAGCNPL,65
337,TGIHHTRRAT,10
338,TEHCICHLRKNQQE,14
339,PGGVSQSFSWLGLESK,16
340,GLGPFLAASSCRNYTHLSSSGRSSQKDQCGQTPAECHRHQRGPICHLRAAGSRCYTPEIKGQVSQGWP,68
341,LEAFHHLQAELHLIPTRRTWQECPGVQKTCRCPCHPALISNQSLSSARLIPQHSISASSLKA,62
342,IPSHSIHGPSKSGPKPPSCPDMCQALSSIHASIFAFSCLTNST,43
343,,0
344,PISLIKSNFLGRVNQ,15
345,SPSHCCPP,8
346,QIHTPLQKKCSY,12
347,DISFHARLCISPGMLRCRD,19
348,L,1
